-- ============================================
-- SVD STICKERTAUSCH – Demo Seed
-- Direkt im Supabase SQL Editor ausfuehren
-- Demo-Passwort fuer alle Accounts: DalumDemo123!
-- ============================================

BEGIN;

-- --------------------------------------------
-- Feste Demo-IDs
-- --------------------------------------------

DO $$
BEGIN
  IF NOT EXISTS (
    SELECT 1
    FROM pg_extension
    WHERE extname = 'pgcrypto'
  ) THEN
    CREATE EXTENSION IF NOT EXISTS pgcrypto;
  END IF;
END $$;

-- --------------------------------------------
-- Vorhandene Demo-Daten entfernen
-- --------------------------------------------

DELETE FROM public.messages
WHERE sender_id IN (
  '11111111-1111-1111-1111-111111111111',
  '22222222-2222-2222-2222-222222222222',
  '33333333-3333-3333-3333-333333333333',
  '44444444-4444-4444-4444-444444444444'
)
OR receiver_id IN (
  '11111111-1111-1111-1111-111111111111',
  '22222222-2222-2222-2222-222222222222',
  '33333333-3333-3333-3333-333333333333',
  '44444444-4444-4444-4444-444444444444'
);

DELETE FROM public.trade_requests
WHERE sender_id IN (
  '11111111-1111-1111-1111-111111111111',
  '22222222-2222-2222-2222-222222222222',
  '33333333-3333-3333-3333-333333333333',
  '44444444-4444-4444-4444-444444444444'
)
OR receiver_id IN (
  '11111111-1111-1111-1111-111111111111',
  '22222222-2222-2222-2222-222222222222',
  '33333333-3333-3333-3333-333333333333',
  '44444444-4444-4444-4444-444444444444'
);

DELETE FROM public.offers
WHERE user_id IN (
  '11111111-1111-1111-1111-111111111111',
  '22222222-2222-2222-2222-222222222222',
  '33333333-3333-3333-3333-333333333333',
  '44444444-4444-4444-4444-444444444444'
);

DELETE FROM public.user_stickers
WHERE user_id IN (
  '11111111-1111-1111-1111-111111111111',
  '22222222-2222-2222-2222-222222222222',
  '33333333-3333-3333-3333-333333333333',
  '44444444-4444-4444-4444-444444444444'
);

DELETE FROM auth.identities
WHERE user_id IN (
  '11111111-1111-1111-1111-111111111111',
  '22222222-2222-2222-2222-222222222222',
  '33333333-3333-3333-3333-333333333333',
  '44444444-4444-4444-4444-444444444444'
);

DELETE FROM auth.users
WHERE id IN (
  '11111111-1111-1111-1111-111111111111',
  '22222222-2222-2222-2222-222222222222',
  '33333333-3333-3333-3333-333333333333',
  '44444444-4444-4444-4444-444444444444'
);

-- --------------------------------------------
-- Auth-User anlegen
-- --------------------------------------------

INSERT INTO auth.users (
  instance_id,
  id,
  aud,
  role,
  email,
  encrypted_password,
  email_confirmed_at,
  invited_at,
  confirmation_token,
  confirmation_sent_at,
  recovery_token,
  recovery_sent_at,
  email_change_token_new,
  email_change,
  email_change_sent_at,
  last_sign_in_at,
  raw_app_meta_data,
  raw_user_meta_data,
  is_super_admin,
  created_at,
  updated_at,
  phone,
  phone_confirmed_at,
  phone_change,
  phone_change_token,
  email_change_token_current,
  email_change_confirm_status,
  banned_until,
  reauthentication_token,
  reauthentication_sent_at,
  is_sso_user,
  deleted_at,
  is_anonymous
)
VALUES
  (
    '00000000-0000-0000-0000-000000000000',
    '11111111-1111-1111-1111-111111111111',
    'authenticated',
    'authenticated',
    'demo.anna@svd-stickertausch.local',
    crypt('DalumDemo123!', gen_salt('bf')),
    NOW(),
    NULL,
    '',
    NULL,
    '',
    NULL,
    '',
    '',
    NULL,
    NOW(),
    '{"provider":"email","providers":["email"]}'::jsonb,
    '{"username":"anna-dalum","display_name":"Anna Dalum"}'::jsonb,
    false,
    NOW(),
    NOW(),
    NULL,
    NULL,
    '',
    '',
    '',
    0,
    NULL,
    '',
    NULL,
    false,
    NULL,
    false
  ),
  (
    '00000000-0000-0000-0000-000000000000',
    '22222222-2222-2222-2222-222222222222',
    'authenticated',
    'authenticated',
    'demo.ben@svd-stickertausch.local',
    crypt('DalumDemo123!', gen_salt('bf')),
    NOW(),
    NULL,
    '',
    NULL,
    '',
    NULL,
    '',
    '',
    NULL,
    NOW(),
    '{"provider":"email","providers":["email"]}'::jsonb,
    '{"username":"ben-holt","display_name":"Ben Holt"}'::jsonb,
    false,
    NOW(),
    NOW(),
    NULL,
    NULL,
    '',
    '',
    '',
    0,
    NULL,
    '',
    NULL,
    false,
    NULL,
    false
  ),
  (
    '00000000-0000-0000-0000-000000000000',
    '33333333-3333-3333-3333-333333333333',
    'authenticated',
    'authenticated',
    'demo.clara@svd-stickertausch.local',
    crypt('DalumDemo123!', gen_salt('bf')),
    NOW(),
    NULL,
    '',
    NULL,
    '',
    NULL,
    '',
    '',
    NULL,
    NOW(),
    '{"provider":"email","providers":["email"]}'::jsonb,
    '{"username":"clara-svd","display_name":"Clara SVD"}'::jsonb,
    false,
    NOW(),
    NOW(),
    NULL,
    NULL,
    '',
    '',
    '',
    0,
    NULL,
    '',
    NULL,
    false,
    NULL,
    false
  ),
  (
    '00000000-0000-0000-0000-000000000000',
    '44444444-4444-4444-4444-444444444444',
    'authenticated',
    'authenticated',
    'demo.david@svd-stickertausch.local',
    crypt('DalumDemo123!', gen_salt('bf')),
    NOW(),
    NULL,
    '',
    NULL,
    '',
    NULL,
    '',
    '',
    NULL,
    NOW(),
    '{"provider":"email","providers":["email"]}'::jsonb,
    '{"username":"david-verein","display_name":"David Verein"}'::jsonb,
    false,
    NOW(),
    NOW(),
    NULL,
    NULL,
    '',
    '',
    '',
    0,
    NULL,
    '',
    NULL,
    false,
    NULL,
    false
  );

INSERT INTO auth.identities (
  provider_id,
  user_id,
  identity_data,
  provider,
  last_sign_in_at,
  created_at,
  updated_at,
  id
)
VALUES
  (
    'demo.anna@svd-stickertausch.local',
    '11111111-1111-1111-1111-111111111111',
    '{"sub":"11111111-1111-1111-1111-111111111111","email":"demo.anna@svd-stickertausch.local","email_verified":true}'::jsonb,
    'email',
    NOW(),
    NOW(),
    NOW(),
    'aaaaaaaa-aaaa-aaaa-aaaa-aaaaaaaaaaaa'
  ),
  (
    'demo.ben@svd-stickertausch.local',
    '22222222-2222-2222-2222-222222222222',
    '{"sub":"22222222-2222-2222-2222-222222222222","email":"demo.ben@svd-stickertausch.local","email_verified":true}'::jsonb,
    'email',
    NOW(),
    NOW(),
    NOW(),
    'bbbbbbbb-bbbb-bbbb-bbbb-bbbbbbbbbbbb'
  ),
  (
    'demo.clara@svd-stickertausch.local',
    '33333333-3333-3333-3333-333333333333',
    '{"sub":"33333333-3333-3333-3333-333333333333","email":"demo.clara@svd-stickertausch.local","email_verified":true}'::jsonb,
    'email',
    NOW(),
    NOW(),
    NOW(),
    'cccccccc-cccc-cccc-cccc-cccccccccccc'
  ),
  (
    'demo.david@svd-stickertausch.local',
    '44444444-4444-4444-4444-444444444444',
    '{"sub":"44444444-4444-4444-4444-444444444444","email":"demo.david@svd-stickertausch.local","email_verified":true}'::jsonb,
    'email',
    NOW(),
    NOW(),
    NOW(),
    'dddddddd-dddd-dddd-dddd-dddddddddddd'
  );

-- --------------------------------------------
-- Profile nach Trigger noch einmal sauber angleichen
-- --------------------------------------------

INSERT INTO public.profiles (
  id,
  username,
  display_name,
  email,
  contact_method,
  contact_info
)
VALUES
  ('11111111-1111-1111-1111-111111111111', 'anna-dalum', 'Anna Dalum', 'demo.anna@svd-stickertausch.local', 'platform', NULL),
  ('22222222-2222-2222-2222-222222222222', 'ben-holt', 'Ben Holt', 'demo.ben@svd-stickertausch.local', 'platform', NULL),
  ('33333333-3333-3333-3333-333333333333', 'clara-svd', 'Clara SVD', 'demo.clara@svd-stickertausch.local', 'platform', NULL),
  ('44444444-4444-4444-4444-444444444444', 'david-verein', 'David Verein', 'demo.david@svd-stickertausch.local', 'platform', NULL)
ON CONFLICT (id) DO UPDATE
SET
  username = EXCLUDED.username,
  display_name = EXCLUDED.display_name,
  email = EXCLUDED.email,
  contact_method = EXCLUDED.contact_method,
  contact_info = EXCLUDED.contact_info;

-- --------------------------------------------
-- Sticker-Daten
-- --------------------------------------------

INSERT INTO public.user_stickers (user_id, sticker_number, quantity)
VALUES
  ('11111111-1111-1111-1111-111111111111', 1, 1),
  ('11111111-1111-1111-1111-111111111111', 2, 1),
  ('11111111-1111-1111-1111-111111111111', 4, 1),
  ('11111111-1111-1111-1111-111111111111', 7, 2),
  ('11111111-1111-1111-1111-111111111111', 8, 1),
  ('11111111-1111-1111-1111-111111111111', 12, 3),
  ('11111111-1111-1111-1111-111111111111', 15, 1),
  ('11111111-1111-1111-1111-111111111111', 18, 1),
  ('11111111-1111-1111-1111-111111111111', 23, 1),
  ('11111111-1111-1111-1111-111111111111', 28, 1),
  ('11111111-1111-1111-1111-111111111111', 31, 1),
  ('11111111-1111-1111-1111-111111111111', 42, 1),
  ('11111111-1111-1111-1111-111111111111', 55, 1),
  ('11111111-1111-1111-1111-111111111111', 61, 1),
  ('11111111-1111-1111-1111-111111111111', 64, 1),
  ('11111111-1111-1111-1111-111111111111', 70, 2),
  ('11111111-1111-1111-1111-111111111111', 73, 1),
  ('11111111-1111-1111-1111-111111111111', 88, 2),
  ('11111111-1111-1111-1111-111111111111', 91, 1),
  ('11111111-1111-1111-1111-111111111111', 107, 1),
  ('11111111-1111-1111-1111-111111111111', 130, 1),
  ('11111111-1111-1111-1111-111111111111', 144, 1),
  ('11111111-1111-1111-1111-111111111111', 155, 1),
  ('11111111-1111-1111-1111-111111111111', 188, 1),
  ('11111111-1111-1111-1111-111111111111', 207, 1),
  ('11111111-1111-1111-1111-111111111111', 236, 1),
  ('11111111-1111-1111-1111-111111111111', 241, 1),
  ('11111111-1111-1111-1111-111111111111', 273, 1),
  ('11111111-1111-1111-1111-111111111111', 304, 1),
  ('11111111-1111-1111-1111-111111111111', 335, 1),

  ('22222222-2222-2222-2222-222222222222', 3, 1),
  ('22222222-2222-2222-2222-222222222222', 5, 1),
  ('22222222-2222-2222-2222-222222222222', 7, 1),
  ('22222222-2222-2222-2222-222222222222', 9, 1),
  ('22222222-2222-2222-2222-222222222222', 12, 1),
  ('22222222-2222-2222-2222-222222222222', 19, 1),
  ('22222222-2222-2222-2222-222222222222', 24, 1),
  ('22222222-2222-2222-2222-222222222222', 28, 2),
  ('22222222-2222-2222-2222-222222222222', 30, 1),
  ('22222222-2222-2222-2222-222222222222', 33, 1),
  ('22222222-2222-2222-2222-222222222222', 45, 1),
  ('22222222-2222-2222-2222-222222222222', 61, 2),
  ('22222222-2222-2222-2222-222222222222', 64, 1),
  ('22222222-2222-2222-2222-222222222222', 66, 1),
  ('22222222-2222-2222-2222-222222222222', 71, 1),
  ('22222222-2222-2222-2222-222222222222', 88, 1),
  ('22222222-2222-2222-2222-222222222222', 90, 2),
  ('22222222-2222-2222-2222-222222222222', 92, 1),
  ('22222222-2222-2222-2222-222222222222', 95, 1),
  ('22222222-2222-2222-2222-222222222222', 107, 1),
  ('22222222-2222-2222-2222-222222222222', 109, 1),
  ('22222222-2222-2222-2222-222222222222', 131, 1),
  ('22222222-2222-2222-2222-222222222222', 145, 1),
  ('22222222-2222-2222-2222-222222222222', 188, 2),
  ('22222222-2222-2222-2222-222222222222', 208, 1),
  ('22222222-2222-2222-2222-222222222222', 237, 1),
  ('22222222-2222-2222-2222-222222222222', 244, 1),
  ('22222222-2222-2222-2222-222222222222', 305, 1),
  ('22222222-2222-2222-2222-222222222222', 336, 1),
  ('22222222-2222-2222-2222-222222222222', 400, 1),

  ('33333333-3333-3333-3333-333333333333', 2, 1),
  ('33333333-3333-3333-3333-333333333333', 3, 1),
  ('33333333-3333-3333-3333-333333333333', 6, 1),
  ('33333333-3333-3333-3333-333333333333', 8, 2),
  ('33333333-3333-3333-3333-333333333333', 11, 1),
  ('33333333-3333-3333-3333-333333333333', 14, 1),
  ('33333333-3333-3333-3333-333333333333', 17, 1),
  ('33333333-3333-3333-3333-333333333333', 20, 1),
  ('33333333-3333-3333-3333-333333333333', 22, 1),
  ('33333333-3333-3333-3333-333333333333', 29, 1),
  ('33333333-3333-3333-3333-333333333333', 36, 1),
  ('33333333-3333-3333-3333-333333333333', 40, 2),
  ('33333333-3333-3333-3333-333333333333', 46, 1),
  ('33333333-3333-3333-3333-333333333333', 58, 1),
  ('33333333-3333-3333-3333-333333333333', 62, 1),
  ('33333333-3333-3333-3333-333333333333', 70, 1),
  ('33333333-3333-3333-3333-333333333333', 72, 2),
  ('33333333-3333-3333-3333-333333333333', 84, 1),
  ('33333333-3333-3333-3333-333333333333', 87, 1),
  ('33333333-3333-3333-3333-333333333333', 95, 2),
  ('33333333-3333-3333-3333-333333333333', 108, 1),
  ('33333333-3333-3333-3333-333333333333', 132, 1),
  ('33333333-3333-3333-3333-333333333333', 156, 1),
  ('33333333-3333-3333-3333-333333333333', 189, 1),
  ('33333333-3333-3333-3333-333333333333', 209, 1),
  ('33333333-3333-3333-3333-333333333333', 239, 1),
  ('33333333-3333-3333-3333-333333333333', 245, 1),
  ('33333333-3333-3333-3333-333333333333', 274, 1),
  ('33333333-3333-3333-3333-333333333333', 306, 1),
  ('33333333-3333-3333-3333-333333333333', 337, 1),

  ('44444444-4444-4444-4444-444444444444', 1, 1),
  ('44444444-4444-4444-4444-444444444444', 4, 1),
  ('44444444-4444-4444-4444-444444444444', 6, 1),
  ('44444444-4444-4444-4444-444444444444', 9, 2),
  ('44444444-4444-4444-4444-444444444444', 10, 1),
  ('44444444-4444-4444-4444-444444444444', 13, 1),
  ('44444444-4444-4444-4444-444444444444', 16, 1),
  ('44444444-4444-4444-4444-444444444444', 21, 1),
  ('44444444-4444-4444-4444-444444444444', 25, 1),
  ('44444444-4444-4444-4444-444444444444', 32, 1),
  ('44444444-4444-4444-4444-444444444444', 37, 1),
  ('44444444-4444-4444-4444-444444444444', 43, 1),
  ('44444444-4444-4444-4444-444444444444', 50, 1),
  ('44444444-4444-4444-4444-444444444444', 61, 1),
  ('44444444-4444-4444-4444-444444444444', 67, 2),
  ('44444444-4444-4444-4444-444444444444', 74, 1),
  ('44444444-4444-4444-4444-444444444444', 83, 1),
  ('44444444-4444-4444-4444-444444444444', 88, 1),
  ('44444444-4444-4444-4444-444444444444', 90, 1),
  ('44444444-4444-4444-4444-444444444444', 96, 1),
  ('44444444-4444-4444-4444-444444444444', 110, 1),
  ('44444444-4444-4444-4444-444444444444', 133, 1),
  ('44444444-4444-4444-4444-444444444444', 146, 2),
  ('44444444-4444-4444-4444-444444444444', 190, 1),
  ('44444444-4444-4444-4444-444444444444', 210, 1),
  ('44444444-4444-4444-4444-444444444444', 240, 1),
  ('44444444-4444-4444-4444-444444444444', 246, 1),
  ('44444444-4444-4444-4444-444444444444', 307, 1),
  ('44444444-4444-4444-4444-444444444444', 338, 1),
  ('44444444-4444-4444-4444-444444444444', 401, 1);

-- --------------------------------------------
-- Angebote
-- --------------------------------------------

INSERT INTO public.offers (
  id,
  user_id,
  offer_type,
  sticker_numbers,
  description,
  status
)
VALUES
  ('aaaaaaaa-1111-1111-1111-111111111111', '11111111-1111-1111-1111-111111111111', 'tausch', ARRAY[7,12,70,88], 'Mehrere doppelte Sticker zum Tauschen.', 'aktiv'),
  ('aaaaaaaa-2222-2222-2222-222222222222', '11111111-1111-1111-1111-111111111111', 'suche', ARRAY[3,5,9,90], 'Diese Sticker fehlen noch im Album.', 'aktiv'),
  ('bbbbbbbb-1111-1111-1111-111111111111', '22222222-2222-2222-2222-222222222222', 'tausch', ARRAY[28,61,90,188], 'Tausche gerne direkt in der App.', 'aktiv'),
  ('cccccccc-1111-1111-1111-111111111111', '33333333-3333-3333-3333-333333333333', 'tausch', ARRAY[8,40,72,95], 'Vier gute Tausch-Sticker vorhanden.', 'aktiv'),
  ('cccccccc-2222-2222-2222-222222222222', '33333333-3333-3333-3333-333333333333', 'suche', ARRAY[1,7,12,88], 'Suche vor allem fruehe Nummern.', 'aktiv'),
  ('dddddddd-1111-1111-1111-111111111111', '44444444-4444-4444-4444-444444444444', 'tausch', ARRAY[9,67,146], 'Ein paar doppelte Sticker fuer spontane Tausche.', 'aktiv');

-- --------------------------------------------
-- Tausch-Anfragen
-- --------------------------------------------

INSERT INTO public.trade_requests (
  id,
  offer_id,
  sender_id,
  receiver_id,
  request_type,
  offered_stickers,
  requested_stickers,
  offered_price,
  message,
  status
)
VALUES
  (
    'eeeeeeee-1111-1111-1111-111111111111',
    NULL,
    '11111111-1111-1111-1111-111111111111',
    '22222222-2222-2222-2222-222222222222',
    'tausch',
    ARRAY[12,88],
    ARRAY[90,188],
    NULL,
    'Ich haette #12 und #88 fuer dich und suche #90 oder #188.',
    'offen'
  ),
  (
    'eeeeeeee-2222-2222-2222-222222222222',
    NULL,
    '33333333-3333-3333-3333-333333333333',
    '11111111-1111-1111-1111-111111111111',
    'tausch',
    ARRAY[8,72],
    ARRAY[7,12],
    NULL,
    'Haettest du Lust auf einen kleinen Tausch?',
    'akzeptiert'
  );

-- --------------------------------------------
-- Nachrichten
-- --------------------------------------------

INSERT INTO public.messages (
  id,
  sender_id,
  receiver_id,
  trade_request_id,
  content,
  is_read
)
VALUES
  (
    'ffffffff-1111-1111-1111-111111111111',
    '11111111-1111-1111-1111-111111111111',
    '22222222-2222-2222-2222-222222222222',
    'eeeeeeee-1111-1111-1111-111111111111',
    'Hi Ben, dein Profil sieht passend aus. Wollen wir tauschen?',
    false
  ),
  (
    'ffffffff-2222-2222-2222-222222222222',
    '22222222-2222-2222-2222-222222222222',
    '11111111-1111-1111-1111-111111111111',
    'eeeeeeee-1111-1111-1111-111111111111',
    'Ja, klingt gut. Ich schaue heute Abend nochmal rein.',
    true
  ),
  (
    'ffffffff-3333-3333-3333-333333333333',
    '33333333-3333-3333-3333-333333333333',
    '11111111-1111-1111-1111-111111111111',
    'eeeeeeee-2222-2222-2222-222222222222',
    'Ich koennte dir #8 und #72 geben.',
    true
  ),
  (
    'ffffffff-4444-4444-4444-444444444444',
    '11111111-1111-1111-1111-111111111111',
    '33333333-3333-3333-3333-333333333333',
    'eeeeeeee-2222-2222-2222-222222222222',
    'Perfekt, #7 und #12 habe ich doppelt.',
    true
  );

COMMIT;

-- ============================================
-- Demo-Logins
-- Passwort fuer alle: DalumDemo123!
-- --------------------------------------------
-- demo.anna@svd-stickertausch.local
-- demo.ben@svd-stickertausch.local
-- demo.clara@svd-stickertausch.local
-- demo.david@svd-stickertausch.local
-- ============================================
